"id";"title";"course_id"
246;"Java-2017-04";1
266;"Java-2017-04";1
613;"Java-2017-04";1
732;"Java-2017-04";1
616;"Java-2017-04";1
361;"Java-2017-04";1
1213;"Java-2017-04";1
628;"Java-2017-04";1
704;"Java-2017-04";1
310;"Java-2017-04";1
188;"Java-2017-04";1
717;"Java-2017-04";1
340;"Java-2017-04";1
431;"Java-2017-04";1
800;"Java-2017-04";1
590;"Java-2017-04";1
703;"Java-2017-04";1
1015;"Java-2017-04";1
578;"Java-2017-04";1
1127;"Java-2017-10";1
412;"Java-2017-04";1
336;"Java-2017-04";1
554;"Java-2017-04";1
659;"Java-2017-04";1
1282;"Java-2017-04";1
828;"Java-2017-04";1
1279;"Java-2017-04";1
350;"Java-2017-06";1
1104;"Java-2017-04";1
395;"Java-2017-06";1
406;"Java-2017-04";1
663;"Java-2017-04";1
819;"Java-2017-04";1
375;"Java-2017-04";1
513;"Java-2017-04";1
587;"Java-2017-04";1
1187;"Java-2017-04";1
364;"Java-2017-04";1
255;"Java-2017-04";1
1200;"Java-2017-04";1
1381;"Java-2017-04";1
482;"Java-2017-04";1
843;"Java-2017-04";1
666;"Java-2017-04";1
1302;"Java-2017-04";1
1210;"Java-2017-04";1
343;"Java-2017-04";1
1395;"Java-2017-04";1
1338;"Java-2017-04";1
313;"Java-2017-04";1
409;"Java-2017-04";1
974;"Java-2017-04";1
368;"Java-2017-04";1
838;"Java-2017-04";1
314;"Java-2017-04";1
1475;"Java-2017-06";1
2093;"Java-2017-06";1
1650;"Java-2017-10";1
800;"DevOps-2017-11";7
3482;"DevOps-2017-08";7
3662;"DevOps-2017-08";7
3590;"DevOps-2017-08";7
2762;"Python-2017-07";3
1918;"PythonFS-2017-09";9
3105;"Python-2017-07";3
2285;"Python-2017-07";3
3400;"PythonFS-2017-09";9
3618;"DevOps-2017-08";7
3520;"DevOps-2017-08";7
3475;"DevOps-2017-08";7
4035;"DevOps-2017-08";7
2728;"PythonFS-2017-09";9
1635;"PythonFS-2017-09";9
3550;"PythonFS-2017-09";9
3871;"DevOps-2017-08";7
4012;"DevOps-2017-08";7
4013;"DevOps-2017-08";7
2881;"Python-2017-07";3
3972;"DevOps-2017-08";7
2785;"Python-2017-07";3
4106;"DevOps-2017-08";7
2588;"Python-2017-07";3
3416;"DevOps-2017-08";7
3648;"DevOps-2017-08";7
1352;"Python-2017-07";3
3480;"DevOps-2017-08";7
3989;"DevOps-2017-08";7
3189;"Python-2017-07";3
2540;"Python-2017-07";3
3987;"DevOps-2017-08";7
4111;"DevOps-2017-08";7
4203;"DevOps-2017-08";7
2728;"Python-2017-07";3
3865;"DevOps-2017-08";7
3675;"DevOps-2017-08";7
3167;"Python-2017-07";3
259;"Python-2017-07";3
4227;"DevOps-2017-08";7
4025;"DevOps-2017-08";7
4243;"DevOps-2018-02";7
4180;"DevOps-2017-11";7
4182;"DevOps-2017-08";7
3444;"DevOps-2017-11";7
3090;"Python-2017-07";3
4054;"DevOps-2017-08";7
3350;"DevOps-2017-08";7
3912;"DevOps-2017-08";7
3821;"DevOps-2017-08";7
4230;"DevOps-2017-08";7
356;"DevOps-2017-08";7
3568;"DevOps-2017-08";7
3942;"DevOps-2018-09";7
1535;"DevOps-2017-08";7
3795;"DevOps-2017-11";7
4258;"Java-2017-10";1
3434;"DevOps-2017-08";7
3519;"DevOps-2017-11";7
4127;"DevOps-2017-08";7
3811;"DevOps-2017-08";7
4207;"DevOps-2017-08";7
1631;"Java-2017-10";1
4472;"Java-2017-10";1
3588;"PythonFS-2017-09";9
363;"PythonFS-2017-09";9
4476;"PythonFS-2017-09";9
4294;"PythonFS-2017-09";9
4493;"PythonFS-2017-09";9
4299;"PythonFS-2017-09";9
4572;"Java-2018-02";1
4477;"PythonFS-2017-09";9
4348;"PythonFS-2017-09";9
4358;"PythonFS-2017-09";9
4388;"PythonFS-2017-09";9
4413;"PythonFS-2017-09";9
4683;"PythonFS-2017-09";9
4538;"PythonFS-2017-09";9
4475;"PythonFS-2017-09";9
4352;"PythonFS-2017-09";9
4709;"PythonFS-2017-09";9
4720;"PHP-2017-12";8
4318;"Java-2018-02";1
2287;"Java-2017-10";1
4808;"PythonFS-2017-09";9
78;"Java-2017-11";1
4363;"PythonFS-2017-09";9
2623;"Python-2017-11";3
2636;"PythonFS-2017-09";9
4828;"PythonFS-2017-09";9
4063;"PythonFS-2017-09";9
4638;"PythonFS-2017-09";9
4771;"PythonFS-2017-09";9
3509;"PythonFS-2017-09";9
2173;"PythonFS-2017-09";9
1717;"Python-2017-07";3
1608;"PythonFS-2017-09";9
245;"PythonFS-2017-09";9
3856;"PythonFS-2017-09";9
3399;"PythonFS-2017-09";9
2684;"Python-2018-05";3
4592;"Python-2018-02";3
2634;"Java-2017-10";1
4460;"Java-2018-02";1
4812;"Java-2017-10";1
4798;"Java-2018-02";1
4811;"Java-2017-11";1
4314;"Java-2017-10";1
4909;"Python-2017-11";3
4904;"Java-2017-10";1
2511;"Java-2017-10";1
4343;"Java-2017-10";1
4797;"Java-2017-10";1
4850;"Java-2017-10";1
4805;"Java-2017-10";1
4815;"Java-2018-02";1
4300;"Java-2017-10";1
4827;"Java-2018-02";1
3469;"PythonFS-2017-12";9
2100;"Java-2018-04";1
4810;"Java-2017-10";1
4332;"Java-2017-10";1
4864;"DevOps-2017-11";7
4838;"Java-2017-10";1
4943;"Java-2017-10";1
4822;"Java-2017-10";1
4683;"Java-2017-10";1
612;"Java-2017-10";1
4780;"Java-2017-10";1
4829;"Java-2018-02";1
3618;"Java-2017-11";1
5146;"Linux-2018-07";15
4337;"Java-2017-10";1
4537;"PythonFS-2017-09";9
1583;"Java-2017-10";1
4851;"Java-2017-11";1
2863;"Java-2017-10";1
5207;"Java-2017-10";1
4957;"Java-2017-11";1
4975;"Java-2017-10";1
5190;"Java-2017-10";1
4985;"Linux-2017-10";15
4296;"Java-2017-10";1
4112;"Linux-2017-10";15
4112;"Linux-2018-04";15
4857;"Java-2018-08";1
5224;"Java-2017-11";1
4113;"Java-2017-10";1
4325;"Java-2017-10";1
4317;"Java-2017-10";1
5133;"Java-2017-11";1
2679;"Java-2017-11";1
5102;"Java-2017-10";1
5165;"Java-2017-10";1
4450;"Java-2017-10";1
5384;"Linux-2017-10";15
5362;"Java-2017-10";1
613;"BigData-2017-11";14
5171;"Java-2017-10";1
3025;"PythonFS-2017-09";9
4289;"Java-2017-10";1
4250;"Java-2017-11";1
5187;"Java-2017-10";1
5119;"Java-2017-11";1
2407;"Java-2018-02";1
2779;"Java-2017-10";1
4988;"Java-2017-10";1
2605;"Java-2017-10";1
5398;"Java-2018-04";1
1979;"Java-2017-10";1
5200;"Java-2017-10";1
1364;"Java-2018-02";1
3091;"BigData-2017-11";14
4523;"PythonFS-2017-09";9
4592;"PythonFS-2017-09";9
4874;"DevOps-2017-11";7
4501;"PythonFS-2017-09";9
4573;"BigData-2017-11";14
3127;"Linux-2017-10";15
2623;"PythonFS-2017-09";9
5509;"Java-2017-11";1
4464;"Java-2017-11";1
1279;"JavaEE-2017-12";18
5169;"Linux-2017-10";15
5719;"Linux-2017-10";15
5765;"Linux-2017-10";15
843;"JavaEE-2017-12";18
5544;"BigData-2017-11";14
5522;"Linux-2017-10";15
2011;"BigData-2017-11";14
5697;"Linux-2017-10";15
3519;"Linux-2017-10";15
5323;"DevOps-2017-11";7
5323;"Linux-2017-10";15
2541;"BigData-2017-11";14
4584;"Linux-2017-10";15
1758;"BigData-2017-11";14
5700;"Linux-2017-10";15
5308;"Linux-2018-07";15
4560;"Linux-2017-10";15
5893;"Linux-2017-10";15
1730;"DevOps-2017-11";7
5789;"Linux-2017-10";15
5432;"BigData-2017-11";14
5233;"BigData-2017-11";14
5518;"BigData-2017-11";14
5950;"Linux-2017-10";15
5644;"BigData-2017-11";14
5630;"BigData-2017-11";14
5622;"BigData-2017-11";14
4539;"Python-2017-11";3
5503;"BigData-2017-11";14
3995;"Python-2017-11";3
6022;"BigData-2017-11";14
5814;"BigData-2017-11";14
800;"BigData-2017-11";14
5780;"BigData-2017-11";14
287;"BigData-2017-11";14
6192;"BigData-2017-11";14
6111;"BigData-2018-03";14
5764;"BigData-2017-11";14
3189;"BigData-2017-11";14
6194;"BigData-2017-11";14
2243;"BigData-2017-11";14
5264;"DevOps-2017-11";7
2767;"BigData-2017-11";14
4230;"Linux-2018-04";15
5413;"BigData-2017-11";14
5633;"BigData-2017-11";14
5282;"BigData-2017-11";14
2340;"BigData-2017-11";14
5892;"BigData-2017-11";14
6165;"BigData-2017-11";14
5745;"BigData-2017-11";14
6362;"BigData-2017-11";14
616;"BigData-2017-11";14
5983;"BigData-2017-11";14
6386;"Java-2017-11";1
5628;"Java-2017-11";1
6538;"DevOps-2017-11";7
3449;"BigData-2017-11";14
6661;"Python-2017-11";3
4560;"BigData-2017-11";14
6611;"DevOps-2017-11";7
6068;"Python-2017-11";3
6699;"Java-2017-11";1
6599;"Java-2017-11";1
6370;"Java-2017-11";1
4689;"PythonFS-2017-09";9
3487;"DevOps-2017-11";7
2036;"DevOps-2017-11";7
246;"JavaEE-2017-12";18
2820;"DevOps-2017-11";7
6875;"Python-2017-11";3
6885;"DevOps-2017-11";7
6821;"Python-2017-11";3
3408;"Java-2017-11";1
6318;"DevOps-2017-11";7
6616;"Python-2018-02";3
5927;"DevOps-2017-11";7
6760;"DevOps-2017-11";7
7005;"Python-2017-11";3
6927;"Java-2017-11";1
6450;"Java-2018-02";1
7029;"Java-2017-11";1
5325;"Java-2017-11";1
5408;"Java-2018-02";1
7052;"C++-2017-12";5
2397;"Java-2018-02";1
6867;"DevOps-2017-11";7
7164;"Python-2017-11";3
7162;"Java-2017-11";1
2527;"Java-2017-11";1
4517;"C++-2017-12";5
5355;"C++-2017-12";5
3532;"DevOps-2017-11";7
5604;"Java-2018-04";1
7286;"DevOps-2017-11";7
2145;"Java-2017-11";1
7026;"Java-2017-11";1
5919;"Python-2017-11";3
1578;"C++-2017-12";5
6480;"DevOps-2017-11";7
7340;"Java-2017-11";1
6373;"Python-2017-11";3
7567;"C++-2018-09";5
5704;"Java-2017-11";1
3650;"Python-2017-11";3
5671;"DevOps-2017-11";7
6369;"DevOps-2018-05";7
7634;"PHP-2017-12";8
7759;"C++-2017-12";5
7760;"C++-2017-12";5
7542;"C++-2017-12";5
7615;"C++-2018-06";5
7230;"Python-2017-11";3
5412;"Python-2017-11";3
7541;"C++-2017-12";5
7851;"OnlineTeacher-2017-11";13
2622;"Python-2018-02";3
7065;"C++-2017-12";5
4717;"PHP-2017-12";8
7507;"C++-2017-12";5
7844;"Python-2017-11";3
6161;"Python-2017-11";3
7355;"OnlineTeacher-2017-11";13
7928;"PythonFS-2017-12";9
7922;"DevOps-2017-11";7
7755;"Python-2018-05";3
7882;"PHP-2018-07";8
4911;"DevOps-2017-11";7
6059;"Python-2017-11";3
4238;"C++-2017-12";5
4524;"C++-2017-12";5
3246;"Python-2017-11";3
6902;"Python-2017-11";3
7874;"Python-2017-11";3
5884;"Python-2017-11";3
3074;"Python-2017-11";3
7968;"DevOps-2017-11";7
7971;"Python-2017-11";3
7521;"Python-2018-05";3
6260;"Python-2018-02";3
6677;"Python-2017-11";3
6150;"Python-2017-11";3
6960;"DevOps-2017-11";7
8042;"Python-2017-11";3
7339;"C++-2017-12";5
3588;"Python-2017-11";3
7936;"DevOps-2018-05";7
422;"Python-2019-03";3
7671;"Python-2017-11";3
7975;"Python-2017-11";3
961;"DevOps-2017-11";7
4548;"Python-2017-11";3
7007;"Python-2017-11";3
2915;"C++-2018-02";5
8079;"DevOps-2017-11";7
4597;"PHP-2017-12";8
4318;"JavaEE-2017-12";18
1338;"JavaEE-2017-12";18
2557;"Python-2017-11";3
7703;"C++-2017-12";5
7710;"C++-2017-12";5
2399;"PHP-2017-12";8
8106;"C++-2017-12";5
7218;"DevOps-2017-11";7
7802;"C++-2017-12";5
6349;"DevOps-2017-11";7
974;"JavaEE-2017-12";18
8058;"Python-2017-11";3
5807;"DevOps-2017-11";7
8147;"DevOps-2017-11";7
8148;"DevOps-2017-11";7
7912;"DevOps-2017-11";7
7914;"DevOps-2017-11";7
7698;"DevOps-2017-11";7
3497;"DevOps-2017-11";7
5522;"DevOps-2017-11";7
5162;"DevOps-2017-11";7
7176;"DevOps-2017-11";7
8086;"DevOps-2017-11";7
8182;"DevOps-2018-05";7
3196;"PythonFS-2017-09";9
7562;"C++-2017-12";5
2045;"JavaEE-2017-12";18
7305;"C++-2017-12";5
7605;"C++-2017-12";5
7530;"C++-2017-12";5
504;"C++-2018-06";5
7204;"C++-2017-12";5
8286;"C++-2017-12";5
7746;"C++-2018-02";5
7218;"PHP-2017-12";8
8141;"C++-2017-12";5
8218;"C++-2017-12";5
2058;"JavaEE-2018-09";18
7648;"C++-2017-12";5
8253;"C++-2017-12";5
8111;"C++-2017-12";5
4904;"JavaEE-2017-12";18
8266;"C++-2017-12";5
7026;"JavaEE-2017-12";18
8199;"C++-2017-12";5
2100;"JavaEE-2017-12";18
5685;"C++-2017-12";5
7628;"C++-2017-12";5
3972;"C++-2017-12";5
8291;"C++-2017-12";5
7091;"C++-2017-12";5
8290;"C++-2017-12";5
8330;"PHP-2017-12";8
7684;"C++-2017-12";5
7821;"C++-2017-12";5
7778;"C++-2018-06";5
8375;"C++-2017-12";5
7218;"C++-2017-12";5
8445;"C++-2017-12";5
1395;"JavaEE-2017-12";18
8523;"Java-2018-02";1
8170;"PHP-2017-12";8
8546;"DevOps-2018-02";7
8556;"PHP-2017-12";8
8582;"PHP-2017-12";8
7219;"DevOps-2017-11";7
4205;"PHP-2017-12";8
8221;"PHP-2017-12";8
8633;"PHP-2017-12";8
8597;"PHP-2017-12";8
3529;"DevOps-2017-11";7
8606;"PHP-2017-12";8
8720;"PHP-2017-12";8
4631;"PHP-2017-12";8
6022;"PythonFS-2017-12";9
8715;"PHP-2017-12";8
4675;"JavaScript-2018-02";20
7286;"PHP-2017-12";8
8800;"PHP-2017-12";8
4112;"DevOps-2018-02";7
8822;"PHP-2017-12";8
8830;"PHP-2017-12";8
8909;"PHP-2017-12";8
8829;"PHP-2017-12";8
8399;"PHP-2017-12";8
8917;"PHP-2017-12";8
5233;"PHP-2017-12";8
3972;"PHP-2017-12";8
8737;"PHP-2017-12";8
1977;"PHP-2019-02";8
8638;"PHP-2017-12";8
6551;"PHP-2017-12";8
8058;"PHP-2017-12";8
8656;"PHP-2017-12";8
8303;"PHP-2017-12";8
8921;"PHP-2017-12";8
8884;"PHP-2017-12";8
8717;"JavaScript-2018-02";20
8874;"PHP-2017-12";8
8930;"PHP-2017-12";8
8911;"PHP-2017-12";8
170;"PHP-2017-12";8
8604;"PHP-2017-12";8
9026;"PHP-2017-12";8
6653;"PythonFS-2017-12";9
9022;"PHP-2017-12";8
9057;"PHP-2017-12";8
8730;"DM-2018-02";19
2011;"Java-2017-10";1
8905;"PHP-2017-12";8
2755;"Python-2017-11";3
8803;"PHP-2017-12";8
9292;"PythonFS-2017-12";9
9285;"PHP-2017-12";8
6813;"JavaEE-2017-12";18
4507;"PythonFS-2017-12";9
3117;"PHP-2017-12";8
9382;"PythonFS-2017-12";9
9379;"PHP-2018-07";8
8369;"JavaEE-2017-12";18
9344;"PHP-2017-12";8
8165;"JavaEE-2017-12";18
8293;"PythonFS-2017-12";9
8950;"JavaEE-2017-12";18
1776;"TeamLeader-2018-02";10
9415;"PHP-2017-12";8
1711;"JavaEE-2017-12";18
8105;"C++-2017-12";5
9430;"DevOps-2018-02";7
8453;"JavaEE-2017-12";18
9305;"JavaScript-2018-02";20
6456;"PythonFS-2017-12";9
8724;"PythonFS-2017-12";9
2524;"PythonFS-2017-12";9
8502;"JavaEE-2017-12";18
3017;"PythonFS-2017-12";9
9446;"PHP-2017-12";8
254;"JavaEE-2019-08";18
9456;"PythonFS-2017-12";9
9398;"PythonFS-2017-12";9
9316;"PythonFS-2017-12";9
9225;"PythonFS-2017-12";9
3038;"PythonFS-2017-12";9
7508;"PythonFS-2017-12";9
7702;"PythonFS-2017-12";9
9501;"PythonFS-2017-12";9
9466;"Java-2018-02";1
9439;"Python-2018-02";3
4992;"Java-2018-02";1
9589;"Java-2018-02";1
3434;"Java-2017-11";1
9638;"Java-2018-02";1
9358;"Java-2018-02";1
9406;"PHP-2017-12";8
5005;"Java-2018-02";1
9475;"Python-2018-02";3
9737;"TeamLeader-2018-02";10
9799;"Java-2018-02";1
6472;"Java-2018-02";1
4689;"JavaScript-2018-02";20
9760;"TeamLeader-2018-02";10
9723;"TeamLeader-2018-02";10
10213;"Python-2018-02";3
10200;"TeamLeader-2018-02";10
8049;"DevOps-2018-02";7
9784;"Java-2018-02";1
9686;"TeamLeader-2018-02";10
10082;"Java-2018-04";1
4334;"TeamLeader-2018-02";10
10602;"JavaScript-2018-02";20
10056;"TeamLeader-2018-02";10
10671;"TeamLeader-2018-02";10
1361;"TeamLeader-2018-02";10
8767;"TeamLeader-2018-02";10
8266;"TeamLeader-2018-02";10
4300;"TeamLeader-2018-02";10
10694;"JavaScript-2018-02";20
10651;"TeamLeader-2018-02";10
4271;"DevOps-2018-02";7
9793;"Java-2018-02";1
4797;"JavaScript-2018-02";20
6813;"Java-2018-02";1
10735;"JavaScript-2018-02";20
10207;"TeamLeader-2018-02";10
10255;"TeamLeader-2018-02";10
8165;"Java-2018-02";1
2137;"Java-2018-02";1
7726;"Java-2018-02";1
10684;"Java-2018-02";1
10686;"Java-2018-02";1
10715;"Java-2018-06";1
10692;"Java-2018-02";1
10724;"TeamLeader-2018-02";10
10700;"JavaScript-2018-02";20
8661;"DevOps-2018-02";7
9474;"DevOps-2018-02";7
10733;"TeamLeader-2018-02";10
10730;"DevOps-2018-09";7
9624;"DevOps-2018-02";7
10463;"DM-2018-02";19
10771;"TeamLeader-2018-02";10
11462;"DM-2018-02";19
11245;"DM-2018-02";19
11154;"DM-2018-02";19
10520;"TeamLeader-2018-02";10
11327;"Java-2018-02";1
11053;"DM-2018-02";19
10060;"TeamLeader-2018-02";10
10819;"JavaScript-2018-07";20
10829;"TeamLeader-2018-02";10
11293;"DevOps-2018-02";7
10827;"Java-2018-08";1
11687;"Java-2018-02";1
11756;"TeamLeader-2018-02";10
11733;"Java-2018-02";1
11130;"Java-2018-06";1
7812;"Java-2018-02";1
10836;"TeamLeader-2018-02";10
10473;"TeamLeader-2018-02";10
3816;"TeamLeader-2018-02";10
9727;"Java-2018-02";1
8249;"C++-2018-02";5
11140;"DevOps-2018-02";7
10734;"TeamLeader-2018-02";10
5455;"TeamLeader-2018-02";10
11833;"TeamLeader-2018-02";10
10808;"TeamLeader-2018-02";10
10680;"TeamLeader-2018-02";10
9703;"JavaScript-2018-02";20
8676;"Java-2018-04";1
12039;"DevOps-2018-05";7
5270;"Java-2018-02";1
11597;"C++-2018-02";5
12123;"DM-2018-02";19
10007;"C++-2018-02";5
10244;"DevOps-2018-05";7
12207;"DM-2018-02";19
12237;"DevOps-2018-02";7
11669;"Autotest-2018-03";23
12050;"C++-2018-02";5
10951;"DevOps-2018-02";7
2100;"DevOps-2018-02";7
12347;"Python-2018-02";3
11036;"Java-2018-02";1
10546;"DevOps-2018-02";7
12406;"DevOps-2018-02";7
12423;"DevOps-2018-02";7
12204;"DevOps-2018-05";7
12345;"DevOps-2018-02";7
12243;"DevOps-2018-02";7
10266;"DevOps-2018-02";7
8011;"DevOps-2018-02";7
12578;"DevOps-2018-02";7
9631;"DevOps-2018-02";7
12272;"DevOps-2018-02";7
12567;"DevOps-2018-02";7
11831;"DevOps-2018-02";7
6974;"DevOps-2018-02";7
12695;"Python-2018-02";3
12612;"DevOps-2018-09";7
10067;"Python-2018-08";3
12400;"DevOps-2018-02";7
11064;"DevOps-2018-02";7
11078;"DevOps-2018-02";7
6155;"DevOps-2018-02";7
12762;"Python-2018-02";3
12461;"DevOps-2018-02";7
12292;"DevOps-2018-02";7
12729;"DevOps-2018-09";7
12564;"DevOps-2018-02";7
12825;"DevOps-2018-02";7
12843;"DevOps-2018-05";7
12844;"DevOps-2018-02";7
12858;"DevOps-2018-02";7
12888;"DevOps-2018-02";7
12854;"DevOps-2018-02";7
12891;"DM-2018-02";19
12765;"DM-2018-02";19
12611;"Python-2018-02";3
5785;"C#";24
9661;"DM-2018-02";19
12943;"DevOps-2018-02";7
12962;"DevOps-2018-02";7
10453;"Python-2018-02";3
12698;"C++-2018-06";5
10887;"JavaScript-2018-02";20
12572;"DevOps-2018-02";7
2881;"DevOps-2018-02";7
555;"Python-2018-10";3
11733;"Python-2018-10";3
3487;"Autotest-2018-03";23
12890;"DevOps-2018-05";7
4455;"JavaScript-2018-02";20
13096;"C++-2018-02";5
12757;"Python-2018-12";3
13126;"C++-2018-02";5
12756;"C++-2018-02";5
3030;"JavaScript-2018-02";20
12992;"Python-2018-02";3
7784;"C++-2018-06";5
13043;"Python-2018-02";3
13122;"Python-2018-02";3
3987;"JavaScript-2018-02";20
12790;"C++-2018-02";5
13260;"Python-2018-02";3
13129;"C++-2018-02";5
13131;"C++-2018-06";5
13236;"C++-2018-02";5
13215;"C++-2018-02";5
12941;"C++-2018-02";5
5333;"C++-2018-02";5
13303;"C++-2018-02";5
13330;"Autotest-2018-03";23
13040;"C++-2018-02";5
2173;"Python-2018-05";3
8037;"Python-2018-05";3
13159;"C++-2018-02";5
13312;"C++-2018-02";5
10936;"C++-2018-02";5
13385;"C++-2018-06";5
11436;"C++-2018-06";5
7029;"JavaScript-2018-02";20
13567;"JavaScript-2018-02";20
11435;"C++-2018-06";5
12603;"C++-2018-06";5
2724;"Python-2018-02";3
4128;"C++-2018-02";5
12250;"Python-2018-02";3
12503;"Python-2018-02";3
13501;"Python-2018-02";3
13524;"C++-2018-02";5
1780;"BigData-2018-03";14
13521;"Python-2018-02";3
6388;"BigData-2018-03";14
9456;"Python-2018-05";3
12809;"Python-2018-02";3
12402;"Python-2018-08";3
10182;"Java-2018-04";1
12446;"Python-2018-02";3
12584;"Python-2018-02";3
13641;"Python-2018-02";3
255;"Python-2018-05";3
7673;"Python-2018-02";3
13696;"Autotest-2018-03";23
10254;"JavaScript-2018-07";20
6117;"Python-2018-02";3
12976;"Python-2018-02";3
12980;"Python-2018-02";3
6932;"Python-2018-02";3
13708;"C++-2018-02";5
13553;"Python-2018-02";3
9625;"JavaScript-2018-02";20
13738;"Python-2018-02";3
13204;"C++-2018-06";5
9236;"JavaScript-2018-02";20
5184;"TeamLeader-2018-07";10
13302;"C++-2018-02";5
13289;"C++-2018-02";5
13541;"Python-2018-02";3
12318;"BigData-2018-03";14
7634;"Linux-2018-04";15
5984;"Linux-2018-04";15
6574;"BigData-2018-03";14
13829;"Java-2018-04";1
12287;"Autotest-2018-03";23
3434;"BigData-2018-03";14
12742;"BigData-2018-03";14
2738;"BigData-2018-03";14
14027;"UX/UI";22
13442;"Autotest-2018-03";23
14726;"Autotest-2018-03";23
13876;"DevOps-2018-05";7
13625;"Autotest-2018-03";23
13786;"C#";24
14631;"Autotest-2018-03";23
1573;"Autotest-2018-03";23
11137;"Autotest-2018-03";23
14344;"Autotest-2018-03";23
8421;"Java-2018-04";1
13972;"BigData-2018-03";14
14909;"UX/UI";22
14835;"UX/UI";22
5301;"UX/UI";22
14948;"Autotest-2018-03";23
14906;"UX/UI";22
14095;"Autotest-2018-03";23
78;"Autotest-2018-03";23
13465;"Autotest-2018-03";23
14426;"Autotest-2018-03";23
10223;"BigData-2018-03";14
6187;"Java-2018-04";1
13417;"Autotest-2018-03";23
9551;"BigData-2018-03";14
15073;"Autotest-2018-03";23
15000;"BigData-2018-03";14
14439;"BigData-2018-03";14
7809;"BigData-2018-03";14
9756;"BigData-2018-03";14
2755;"BigData-2018-03";14
7219;"Autotest-2018-03";23
9161;"Autotest-2018-03";23
15214;"BigData-2018-03";14
15243;"BigData-2018-03";14
15247;"BigData-2018-03";14
15258;"Autotest-2018-03";23
12201;"BigData-2018-03";14
15159;"BigData-2018-03";14
14746;"BigData-2018-03";14
11126;"WEBPython-2018-04";25
14812;"BigData-2018-03";14
14393;"C#";24
14431;"BigData-2018-03";14
6215;"Linux-2018-04";15
15512;"BigData-2018-03";14
15081;"BigData-2018-03";14
11286;"BigData-2018-03";14
5087;"Java-2018-06";1
15472;"BigData-2018-03";14
14774;"BigData-2018-03";14
4516;"BigData-2018-03";14
5337;"BigData-2018-03";14
10579;"PHP-2018-07";8
3127;"BigData-2018-03";14
8669;"Linux-2018-04";15
12858;"Linux-2018-04";15
9439;"Autotest-2018-03";23
14206;"BigData-2018-03";14
15870;"OnlineTeacher-2018-04";13
10796;"PHP-2018-07";8
2819;"Python-2018-05";3
15915;"C#";24
15124;"BigData-2018-03";14
15817;"C#";24
356;"WEBPython-2018-04";25
6596;"Linux-2018-04";15
15984;"Autotest-2018-03";23
12039;"Linux-2019-01";15
12962;"Linux-2018-07";15
4480;"WEBPython-2018-04";25
5671;"Linux-2018-04";15
12762;"Java-2018-04";1
16042;"WEBPython-2018-04";25
2379;"Java-2018-06";1
566;"Java-2018-08";1
14586;"Java-2018-04";1
9289;"WEBPython-2018-04";25
16710;"Java-2018-04";1
14236;"Linux-2018-10";15
11979;"Java-2018-04";1
15206;"WebPython-2018-07";25
13048;"DevOps-2018-05";7
11835;"Java-2018-04";1
4646;"WEBPython-2018-04";25
16457;"Java-2018-04";1
14275;"PHP-2017-12";8
2680;"WEBPython-2018-04";25
14239;"Java-2018-04";1
16439;"Java-2018-04";1
608;"Java-2018-04";1
13545;"Java-2018-04";1
3516;"PHP-2017-12";8
7056;"Java-2018-04";1
15262;"Linux-2018-04";15
16375;"DevOps-2018-05";7
4231;"DevOps-2018-05";7
12881;"DevOps-2018-05";7
6177;"Java-2018-04";1
15198;"WEBPython-2018-04";25
7551;"WEBPython-2018-04";25
16999;"Java-2018-04";1
16702;"WEBPython-2018-04";25
16514;"WEBPython-2018-04";25
12519;"WEBPython-2018-04";25
8020;"WEBPython-2018-04";25
2676;"WebPython-2018-07";25
16219;"WEBPython-2018-04";25
16450;"PHP-2017-12";8
9645;"Java-2018-06";1
3110;"WEBPython-2018-04";25
16820;"Linux-2018-07";15
16977;"WEBPython-2018-04";25
8549;"WEBPython-2018-04";25
16136;"OnlineTeacher-2018-04";13
16793;"WEBPython-2018-04";25
17150;"WEBPython-2018-04";25
15107;"Linux-2018-04";15
7972;"WEBPython-2018-04";25
17322;"Linux-2018-04";15
12482;"Linux-2018-04";15
11801;"WEBPython-2018-04";25
16666;"WEBPython-2018-04";25
12992;"WEBPython-2018-04";25
17114;"Java-2018-04";1
4668;"WEBPython-2018-04";25
17493;"WEBPython-2018-04";25
17589;"Linux-2018-04";15
6369;"WEBPython-2018-04";25
14886;"DevOps-2018-05";7
6930;"BigData-2018-03";14
17338;"WEBPython-2018-04";25
5432;"WEBPython-2018-04";25
17700;"Java-2018-04";1
16479;"Linux-2018-04";15
9037;"WEBPython-2018-04";25
17462;"WEBPython-2018-04";25
3369;"Java-2018-04";1
6117;"WEBPython-2018-04";25
3811;"WEBPython-2018-04";25
1393;"Linux-2018-04";15
17671;"Linux-2018-04";15
17602;"Linux-2018-04";15
17777;"Linux-2018-04";15
1475;"Linux-2018-04";15
12147;"Linux-2018-04";15
6078;"Linux-2018-07";15
12888;"Linux-2018-04";15
16212;"Linux-2018-04";15
17853;"Linux-2018-04";15
15895;"Linux-2018-04";15
16782;"Linux-2018-10";15
16590;"Java-2018-04";1
12785;"Java-2018-04";1
15415;"Java-2018-04";1
544;"Java-2018-04";1
17854;"Linux-2018-04";15
17871;"WEBPython-2018-04";25
4317;"Linux-2018-04";15
4182;"Linux-2018-07";15
6480;"Linux-2018-04";15
17905;"Java-2018-04";1
17841;"Linux-2018-04";15
12148;"Linux-2018-04";15
18031;"WebPython-2018-07";25
188;"C#";24
7001;"Java-2018-08";1
16713;"DevOps-2018-11";7
15322;"Linux-2018-07";15
3369;"Linux-2018-04";15
18165;"WEBPython-2018-04";25
16240;"C#";24
18254;"WEBPython-2018-04";25
1477;"Java-2018-02";1
17923;"DevOps-2018-11";7
18004;"DevOps-2018-05";7
4042;"Python-2018-05";3
8196;"TeamLeader-2018-07";10
18269;"DevOps-2018-09";7
18195;"DevOps-2018-05";7
11617;"Java-2018-06";1
13064;"Java-2018-04";1
849;"DevOps-2018-09";7
17064;"DevOps-2018-09";7
15898;"DevOps-2018-05";7
15902;"DevOps-2018-05";7
14916;"C#";24
18340;"iOS-2019-05";29
18279;"C++-2018-09";5
18448;"Linux-2018-04";15
18353;"DevOps-2018-05";7
16090;"DevOps-2018-05";7
9651;"BigData-2018-03";14
18601;"DevOps-2018-05";7
12760;"Python-2018-05";3
14966;"Java-2018-04";1
18034;"C++-2018-06";5
17729;"C++-2018-06";5
7305;"Python-2018-05";3
18725;"Python-2018-05";3
7300;"Python-2018-05";3
18830;"DevOps-2018-05";7
17357;"DevOps-2018-05";7
13113;"C++-2018-06";5
13451;"DevOps-2018-05";7
17346;"DevOps-2018-05";7
18509;"Python-2019-03";3
18906;"Python-2018-05";3
17367;"DevOps-2018-05";7
18692;"DevOps-2018-05";7
18978;"C++-2018-06";5
13112;"C++-2018-09";5
19107;"C++-2018-06";5
19023;"DevOps-2018-05";7
18059;"DevOps-2018-05";7
19105;"DevOps-2018-05";7
4734;"DevOps-2018-05";7
368;"DevOps-2018-05";7
18405;"DevOps-2018-05";7
18873;"DevOps-2018-05";7
4201;"Python-2018-05";3
18491;"DevOps-2018-05";7
19218;"Python-2018-12";3
11327;"DevOps-2018-05";7
18510;"Python-2018-05";3
12355;"C++-2018-09";5
8015;"DevOps-2018-05";7
18830;"Python-2018-05";3
3477;"DevOps-2018-05";7
14371;"Python-2018-05";3
18694;"Python-2018-05";3
8600;"C++-2018-06";5
3091;"C++-2018-06";5
16010;"DevOps-2018-05";7
6304;"DevOps-2018-05";7
13386;"C++-2018-12";5
11704;"DevOps-2018-05";7
17767;"C++-2018-06";5
19170;"DevOps-2018-05";7
5973;"DevOps-2018-05";7
12546;"Python-2018-05";3
13679;"DevOps-2018-05";7
16820;"DevOps-2018-05";7
16820;"DevOps-2018-11";7
19306;"OnlineTeacher-2018-05";13
19293;"OnlineTeacher-2018-05";13
19396;"Python-2018-05";3
19416;"Python-2018-05";3
7591;"DevOps-2018-09";7
19445;"Python-2018-05";3
9813;"Python-2018-05";3
4650;"Python-2018-05";3
12039;"iOS-2019-05";29
5301;"Python-2018-05";3
4874;"Python-2018-05";3
10781;"Python-2018-05";3
5323;"Python-2018-05";3
19563;"Python-2018-05";3
12275;"Python-2019-03";3
19572;"iOS-2019-05";29
11895;"DevOps-2018-05";7
12211;"Python-2018-05";3
81;"Java-2018-06";1
19592;"DevOps-2018-05";7
6851;"Python-2018-05";3
19587;"Python-2018-05";3
19472;"Python-2018-05";3
19607;"Spring-2018-06";34
19570;"Python-2018-05";3
7961;"Python-2018-05";3
7998;"Python-2018-05";3
2648;"Python-2018-05";3
19468;"Python-2018-05";3
19617;"DevOps-2018-05";7
19335;"Python-2018-05";3
19333;"Python-2018-05";3
18945;"Python-2018-05";3
7386;"Python-2018-05";3
19616;"Python-2018-12";3
19202;"Python-2018-08";3
19683;"DLE-2018-06";32
19627;"Python-2018-05";3
19697;"DevOps-2018-05";7
19731;"DevOps-2018-05";7
19733;"DevOps-2018-05";7
7241;"DevOps-2018-05";7
3052;"DevOps-2018-05";7
5373;"Linux-2018-04";15
416;"Java-2018-04";1
19738;"C++-2018-06";5
6165;"DLE-2018-06";32
2406;"Spring-2018-06";34
1806;"DevOps-2018-05";7
18515;"UX/UI";22
19811;"DevOps-2018-05";7
5518;"DLE-2018-06";32
19936;"DevOps-2018-05";7
16312;"JavaScript-2018-07";20
19957;"DevOps-2018-05";7
19805;"Java-2018-08";1
19318;"DLE-2018-06";32
2680;"iOS-2019-05";29
20092;"DevOps-2018-05";7
613;"Spring-2018-06";34
6867;"Spring-2018-11";34
19609;"Python-2018-08";3
19162;"C++-2018-06";5
19093;"C++-2018-06";5
19240;"C++-2018-06";5
19167;"C++-2018-06";5
19258;"C++-2018-06";5
19264;"C++-2018-06";5
18315;"Spring-2018-06";34
19827;"UX/UI";22
20223;"Spring-2018-06";34
19962;"DevOps-2018-05";7
19962;"DevOps-2018-09";7
18651;"C++-2018-09";5
20216;"C++-2018-06";5
1477;"Spring-2018-06";34
2354;"Spring-2018-06";34
20335;"OnlineTeacher-2018-05";13
20265;"Spring-2018-06";34
20265;"Java-2018-06";1
19409;"C++-2018-06";5
20394;"C++-2018-06";5
20346;"Scrum-2018-06";30
20115;"IT-Recruiter-2018-06";28
20427;"C++-2018-06";5
20443;"DLE-2018-06";32
16953;"Java-2018-06";1
19621;"Spring-2018-06";34
20310;"DLE-2018-06";32
19822;"JavaScript-2018-07";20
2724;"Linux-2018-07";15
11617;"Spring-2018-06";34
5226;"Spring-2018-06";34
20589;"Scrum-2018-06";30
20073;"Scrum-2018-06";30
20633;"iOS-2019-05";29
20635;"JavaScript-2018-07";20
14227;"DLE-2018-06";32
18985;"C++-2018-06";5
20432;"Scrum-2018-06";30
19281;"DevOps-2018-09";7
20430;"Scrum-2018-06";30
7675;"Spring-2018-06";34
18461;"JavaScript-2018-07";20
14028;"JavaScript-2018-07";20
20334;"Scrum-2018-06";30
18116;"TeamLeader-2018-07";10
6867;"TeamLeader-2018-07";10
19942;"DLE-2018-06";32
19285;"C++-2018-12";5
19911;"Spring-2018-06";34
2818;"C++-2018-06";5
19570;"DLE-2018-06";32
20793;"Spring-2018-06";34
20520;"Java-2018-06";1
12764;"C++-2018-06";5
20923;"DLE-2018-06";32
15761;"DLE-2018-06";32
18553;"C++-2018-12";5
6388;"DLE-2018-06";32
20970;"IT-Recruiter-2018-06";28
19000;"C++-2018-06";5
20980;"C++-2018-06";5
20110;"DLE-2018-06";32
2541;"DLE-2018-06";32
20959;"DevOps-2018-09";7
4573;"DLE-2018-06";32
20632;"C++-2018-06";5
20591;"DLE-2018-06";32
3177;"DLE-2018-06";32
21035;"Java-2018-08";1
11801;"DLE-2018-06";32
19164;"C++-2018-06";5
12946;"DLE-2018-06";32
20760;"Spring-2018-06";34
6677;"DLE-2018-06";32
15333;"Spring-2018-06";34
4909;"DLE-2018-06";32
6362;"DLE-2018-06";32
20982;"IT-Recruiter-2018-06";28
14434;"DLE-2018-06";32
19700;"DLE-2018-06";32
20804;"DLE-2018-06";32
1395;"Spring-2018-06";34
1279;"Spring-2018-06";34
21118;"C++-2018-06";5
19274;"C++-2018-06";5
9093;"Spring-2018-06";34
13306;"C++-2018-09";5
20789;"Spring-2018-06";34
18970;"C++-2018-06";5
2137;"Spring-2018-06";34
21089;"C++-2018-06";5
20692;"Spring-2018-06";34
12733;"DLE-2018-06";32
19458;"Java-2018-06";1
21183;"C++-2019-03";5
13127;"C++-2018-06";5
20212;"Spring-2018-06";34
19853;"Spring-2018-06";34
4317;"Spring-2018-06";34
12844;"C++-2018-06";5
11870;"Java-2018-08";1
9551;"Spring-2018-06";34
3987;"Spring-2018-06";34
1338;"Spring-2018-06";34
21235;"DLE-2018-06";32
8950;"Spring-2018-06";34
20838;"Java-2018-06";1
6649;"Java-2018-06";1
974;"Spring-2018-06";34
18107;"Spring-2018-06";34
21254;"Spring-2018-06";34
2100;"Spring-2018-11";34
6167;"Java-2018-06";1
7673;"C++-2018-06";5
19511;"Java-2018-06";1
20487;"Spring-2018-06";34
350;"Spring-2018-06";34
1697;"Spring-2018-06";34
21305;"IT-Recruiter-2018-06";28
9439;"C++-2018-06";5
20979;"IT-Recruiter-2018-06";28
19879;"IT-Recruiter-2018-06";28
21030;"Spring-2018-06";34
20661;"Spring-2018-06";34
21007;"IT-Recruiter-2018-06";28
21260;"DLE-2018-06";32
21372;"Spring-2018-06";34
20948;"Spring-2018-06";34
805;"Spring-2018-06";34
616;"Spring-2018-06";34
5131;"Spring-2018-06";34
20042;"IT-Recruiter-2018-06";28
120;"Spring-2018-06";34
21376;"OnlineTeacher-2018-06";13
20133;"Spring-2018-11";34
21365;"OnlineTeacher-2018-06";13
20375;"Java-2018-06";1
6400;"Spring-2018-06";34
188;"Spring-2018-11";34
21388;"OnlineTeacher-2018-06";13
3648;"Spring-2018-06";34
14239;"Spring-2018-06";34
13061;"Spring-2018-06";34
21381;"OnlineTeacher-2018-06";13
21416;"OnlineTeacher-2018-06";13
21378;"OnlineTeacher-2018-06";13
21445;"OnlineTeacher-2018-06";13
21451;"IT-Recruiter-2018-06";28
19587;"DLE-2018-06";32
16558;"Java-2018-08";1
17545;"Linux-2018-07";15
8800;"DLE-2018-06";32
19609;"C++-2018-06";5
14182;"Java-2018-08";1
21474;"IT-Recruiter-2018-06";28
20942;"IT-Recruiter-2018-06";28
20128;"Java-2018-06";1
8501;"Java-2018-06";1
1475;"Spring-2018-11";34
21315;"Spring-2018-06";34
21461;"Java-2018-06";1
20972;"Java-2018-06";1
21532;"Python-2018-08";3
21473;"IT-Recruiter-2018-06";28
21148;"Java-2018-06";1
254;"Java-2019-03";1
2451;"Java-2018-06";1
19233;"Java-2018-06";1
20789;"Java-2018-06";1
21667;"PHP-2018-07";8
21705;"Java-2018-06";1
21682;"Spring-2018-06";34
21411;"Python-2018-08";3
6790;"Python-2018-08";3
18181;"PHP-2018-07";8
12608;"Spring-2018-06";34
22074;"iOS-2019-05";29
7029;"Spring-2018-06";34
20264;"iOS-2019-05";29
22004;"TeamLeader-2018-07";10
4548;"DLE-2018-06";32
10597;"Linux-2018-07";15
20096;"DLE-2018-06";32
7710;"DLE-2018-06";32
14064;"DLE-2018-06";32
22225;"Java-2018-06";1
6610;"Python-2018-10";3
1631;"JavaScript-2018-10";20
21680;"PHP-2018-07";8
20419;"IT-Recruiter-2018-06";28
2785;"WebPython-2018-07";25
18285;"JavaScript-2018-07";20
20774;"Linux-2018-07";15
22440;"JavaScript-2018-07";20
20604;"IT-Recruiter-2018-06";28
828;"JavaScript-2018-10";20
16388;"Linux-2018-07";15
2680;"Linux-2018-07";15
22207;"JavaScript-2018-07";20
20223;"TeamLeader-2019-07";10
21647;"Linux-2018-07";15
19184;"Linux-2018-07";15
22616;"Linux-2018-07";15
22096;"Linux-2018-10";15
13552;"WebPython-2018-07";25
12844;"Linux-2018-07";15
18226;"TeamLeader-2018-07";10
22868;"Python-2018-10";3
10421;"Java-2018-08";1
15323;"Linux-2018-07";15
22507;"PHP-2018-07";8
22229;"PHP-2018-07";8
21646;"TeamLeader-2018-07";10
4460;"JavaScript-2019-03";20
15758;"PHP-2018-07";8
9349;"WebPython-2018-07";25
23177;"DevOps-2018-09";7
23186;"JavaScript-2018-07";20
22469;"PHP-2018-07";8
22046;"PHP-2018-07";8
21797;"WebPython-2018-07";25
23076;"JavaScript-2018-07";20
22242;"Linux-2018-07";15
9322;"PHP-2018-07";8
23020;"Linux-2018-10";15
21712;"WebPython-2018-07";25
8824;"PHP-2018-07";8
18968;"WebPython-2019-04";25
22246;"PHP-2018-07";8
23354;"PHP-2018-07";8
12935;"JavaScript-2018-07";20
20691;"PHP-2018-07";8
21000;"DataScientist-2018-12";33
23071;"Linux-2019-01";15
22487;"PHP-2018-07";8
7754;"Linux-2018-07";15
22215;"PHP-2018-07";8
22168;"PHP-2018-07";8
23238;"PHP-2018-07";8
23533;"TeamLeader-2018-07";10
7932;"JavaScript-2018-07";20
20300;"JavaScript-2018-07";20
23579;"Linux-2018-07";15
22984;"PHP-2018-07";8
23503;"PHP-2018-07";8
23556;"Linux-2018-07";15
23554;"Linux-2018-07";15
22983;"Linux-2018-10";15
5879;"Linux-2018-07";15
22929;"Linux-2019-01";15
23089;"Linux-2018-07";15
23493;"WebPython-2018-07";25
23601;"PHP-2018-07";8
23119;"WebPython-2018-07";25
3090;"WebPython-2018-07";25
23649;"JavaScript-2018-07";20
9495;"WebPython-2019-04";25
19253;"WebPython-2019-04";25
23449;"Linux-2018-07";15
12901;"WebPython-2018-07";25
19684;"WebPython-2018-07";25
9539;"WebPython-2018-07";25
9358;"Linux-2019-01";15
6054;"Linux-2018-07";15
7005;"WebPython-2018-07";25
3989;"Linux-2018-07";15
22913;"Linux-2019-01";15
7786;"JavaScript-2018-07";20
23652;"Linux-2018-07";15
21512;"Linux-2018-07";15
22337;"WebPython-2018-07";25
4148;"Linux-2018-07";15
13724;"Linux-2018-07";15
5880;"Linux-2018-07";15
21410;"Linux-2018-07";15
22655;"Linux-2018-07";15
23151;"Linux-2019-01";15
23806;"TeamLeader-2018-07";10
23664;"TeamLeader-2018-07";10
5581;"Linux-2018-07";15
22856;"TeamLeader-2018-07";10
8799;"TeamLeader-2018-07";10
23660;"PHP-2018-07";8
23916;"Java-2018-08";1
23429;"Python-2018-08";3
22975;"TeamLeader-2018-07";10
23959;"TeamLeader-2018-07";10
23958;"TeamLeader-2018-07";10
23957;"TeamLeader-2018-07";10
23960;"TeamLeader-2018-07";10
23818;"PHP-2018-07";8
23918;"PHP-2018-07";8
10462;"TeamLeader-2018-07";10
23961;"Python-2018-08";3
23777;"TeamLeader-2018-07";10
2137;"JavaScript-2018-07";20
23474;"WebPython-2018-07";25
23976;"PHP-2018-07";8
1475;"TeamLeader-2018-07";10
23657;"PHP-2018-07";8
5960;"TeamLeader-2018-07";10
24093;"TeamLeader-2018-07";10
4079;"Linux-2018-10";15
24122;"PHP-2018-07";8
24068;"Linux-2018-10";15
21176;"DataScientist-2018-08";33
11947;"TeamLeader-2018-07";10
23841;"PHP-2018-07";8
22931;"TeamLeader-2018-07";10
23841;"TeamLeader-2018-07";10
23928;"Python-2018-08";3
24259;"TeamLeader-2018-07";10
21532;"JavaScript-2018-07";20
24483;"Python-2018-12";3
23911;"WebPython-2018-07";25
8364;"TeamLeader-2018-07";10
24060;"Linux-2018-07";15
23181;"WebPython-2018-07";25
8364;"JavaScript-2018-07";20
24640;"Python-2018-08";3
24720;"Python-2018-08";3
23702;"DevOps-2018-09";7
3962;"WebPython-2018-07";25
1697;"TeamLeader-2018-07";10
24613;"Python-2018-08";3
11979;"WebPython-2018-07";25
24623;"DevOps-2018-09";7
24825;"Python-2018-08";3
25007;"Python-2018-08";3
253;"C++-2018-09";5
24845;"Python-2018-08";3
23096;"Python-2019-08";3
21623;"Python-2018-08";3
23899;"Python-2018-08";3
16973;"DataScientist-2018-08";33
24898;"Python-2018-08";3
25197;"Python-2018-08";3
6759;"Python-2018-08";3
24484;"Python-2018-12";3
2390;"Python-2018-12";3
7590;"Python-2018-10";3
22349;"Java-2018-10";1
2918;"Python-2018-08";3
22072;"Python-2018-08";3
25265;"Python-2018-08";3
23755;"DataScientist-2018-12";33
24501;"TeamLeader-2018-07";10
25281;"DataScientist-2018-08";33
23097;"TeamLeader-2018-07";10
25180;"DevOps-2018-09";7
22030;"Python-2018-08";3
25580;"Python-2019-03";3
25245;"DataScientist-2018-08";33
19668;"Python-2018-08";3
25158;"DataScientist-2018-08";33
7352;"Python-2018-08";3
23015;"DataScientist-2018-08";33
25488;"TeamLeader-2018-07";10
24880;"DataScientist-2018-08";33
569;"DataScientist-2018-12";33
25515;"DataScientist-2018-08";33
6334;"DataScientist-2018-08";33
12733;"DataScientist-2018-12";33
18098;"DataScientist-2018-08";33
25025;"DataScientist-2018-12";33
25769;"DataScientist-2018-08";33
8375;"DataScientist-2018-08";33
25763;"DataScientist-2018-08";33
2785;"DataScientist-2018-08";33
2757;"DataScientist-2018-08";33
24355;"DataScientist-2018-08";33
12756;"DataScientist-2018-08";33
25453;"DataScientist-2018-12";33
20998;"DataScientist-2018-08";33
10067;"DataScientist-2018-08";33
5919;"DataScientist-2018-08";33
23593;"DataScientist-2018-08";33
25196;"DataScientist-2018-08";33
3497;"Python-2018-08";3
25583;"DataScientist-2018-08";33
21384;"DataScientist-2018-08";33
25953;"DataScientist-2018-08";33
25573;"DataScientist-2018-08";33
15259;"C++-2018-09";5
15761;"DataScientist-2018-08";33
14312;"DataScientist-2018-08";33
25236;"DataScientist-2018-08";33
19942;"DataScientist-2018-12";33
15031;"DataScientist-2018-08";33
504;"DataScientist-2018-08";33
6369;"DataScientist-2018-08";33
18966;"Python-2018-08";3
26020;"DevOps-2018-09";7
2763;"DataScientist-2018-08";33
24407;"DataScientist-2018-12";33
13501;"DataScientist-2018-08";33
26135;"DataScientist-2018-08";33
202;"Java-2018-08";1
8364;"DataScientist-2018-12";33
22260;"DataScientist-2018-08";33
25924;"DataScientist-2019-03";33
17872;"Java-2018-08";1
11811;"Java-2018-08";1
12070;"DevOps-2018-09";7
26502;"Java-2018-10";1
24851;"Java-2018-08";1
25591;"Java-2018-08";1
18902;"Java-2018-08";1
13195;"Java-2018-08";1
25257;"DataScientist-2018-12";33
26434;"JavaEE-2018-09";18
26393;"Java-2018-12";1
25239;"Java-2018-08";1
26671;"DevOps-2018-09";7
9161;"Java-2018-12";1
14337;"Java-2018-10";1
21013;"Java-2018-10";1
13216;"C++-2018-09";5
2426;"Java-2018-08";1
25378;"Java-2018-08";1
26592;"DataScientist-2018-08";33
15818;"JavaEE-2018-09";18
1615;"СУБД-2018-09";43
1381;"СУБД-2018-09";43
26808;"Java-2018-08";1
26507;"DevOps-2018-09";7
23244;"DevOps-2018-09";7
26527;"DevOps-2018-09";7
6758;"DevOps-2018-09";7
26840;"DevOps-2018-09";7
25511;"C++-2018-09";5
21704;"Java-2018-08";1
26561;"DevOps-2018-09";7
12754;"DevOps-2018-09";7
23816;"DevOps-2018-09";7
26953;"Java-2018-08";1
17574;"DevOps-2018-09";7
22074;"WebPython-2018-07";25
26985;"C++-2018-09";5
26149;"DevOps-2018-09";7
26833;"DevOps-2018-09";7
23852;"DataScientist-2018-08";33
10602;"СУБД-2018-09";43
8153;"DataScientist-2018-12";33
26817;"C++-2018-09";5
27089;"DevOps-2018-09";7
27141;"DevOps-2018-09";7
20315;"C++-2018-09";5
24339;"Java-2018-08";1
6699;"JavaEE-2018-09";18
26776;"DevOps-2018-09";7
8468;"JavaEE-2018-09";18
8421;"JavaEE-2018-09";18
27161;"JavaEE-2018-09";18
27243;"JavaEE-2018-09";18
16234;"JavaEE-2018-09";18
14216;"JavaEE-2018-09";18
27147;"JavaEE-2018-09";18
27292;"Java-2018-10";1
27385;"JavaEE-2018-09";18
27200;"C++-2018-09";5
24230;"DevOps-2018-09";7
27570;"C++-2018-09";5
27086;"DevOps-2018-09";7
12413;"DevOps-2018-09";7
18902;"JavaEE-2018-09";18
27462;"DevOps-2018-09";7
26955;"DevOps-2018-09";7
9416;"Python-2018-10";3
21844;"Java-2018-10";1
27607;"DevOps-2018-09";7
2881;"СУБД-2018-09";43
15333;"DevOps-2018-09";7
27388;"Python-2018-10";3
27751;"DevOps-2018-09";7
27762;"DevOps-2018-09";7
16584;"DevOps-2018-09";7
26008;"DevOps-2018-09";7
27525;"DevOps-2018-09";7
27755;"DevOps-2018-09";7
27516;"DevOps-2018-09";7
3858;"DevOps-2018-09";7
23090;"DevOps-2018-11";7
2653;"DevOps-2018-09";7
23623;"DevOps-2018-09";7
27708;"DevOps-2018-11";7
19731;"JavaScript-2018-10";20
9551;"DevOps-2018-09";7
26551;"DevOps-2018-09";7
2744;"Python-2019-03";3
8235;"JavaEE-2018-09";18
27303;"DevOps-2018-09";7
27791;"DevOps-2018-09";7
482;"JavaEE-2018-09";18
27989;"C++-2018-09";5
13298;"DevOps-2018-09";7
26737;"Spring-2018-11";34
7411;"DevOps-2018-09";7
27160;"DevOps-2018-09";7
27003;"C++-2018-09";5
21024;"C++-2019-03";5
8017;"C++-2018-09";5
6450;"СУБД-2018-09";43
27793;"C++-2018-09";5
27887;"C++-2018-09";5
27414;"C++-2018-09";5
27600;"C++-2018-09";5
2569;"C++-2018-12";5
28147;"C++-2018-09";5
28112;"C++-2018-09";5
27349;"C++-2018-09";5
23268;"C++-2018-09";5
26220;"Python-2018-10";3
1475;"СУБД-2018-12";43
28267;"DevOps-2018-09";7
26969;"C++-2018-09";5
27805;"СУБД-2018-09";43
27692;"C++-2018-09";5
17890;"СУБД-2018-09";43
28316;"C++-2018-12";5
27342;"C++-2018-09";5
1977;"СУБД-2018-12";43
5282;"C++-2018-09";5
27985;"C++-2018-09";5
28349;"C++-2018-09";5
18367;"C++-2018-09";5
27780;"СУБД-2018-09";43
8803;"СУБД-2018-12";43
504;"СУБД-2018-09";43
11130;"JavaEE-2018-09";18
13215;"JavaEE-2018-09";18
28470;"DevOps-2018-09";7
23013;"СУБД-2018-09";43
6373;"СУБД-2018-09";43
22655;"DevOps-2018-09";7
26741;"СУБД-2018-12";43
5522;"СУБД-2018-12";43
27569;"Python-2018-10";3
3251;"СУБД-2018-09";43
27797;"Python-2018-10";3
15213;"DevOps-2018-09";7
8204;"СУБД-2018-09";43
27148;"СУБД-2018-09";43
15751;"СУБД-2018-09";43
26722;"СУБД-2018-09";43
1477;"СУБД-2018-09";43
20438;"Python-2018-10";3
5258;"Java-2018-12";1
597;"DevOps-2018-09";7
19592;"СУБД-2018-09";43
3618;"СУБД-2018-12";43
29150;"Linux-2018-10";15
29129;"Python-2018-12";3
29276;"C++-2018-09";5
28390;"C++-2018-09";5
2881;"Linux-2018-10";15
28467;"Linux-2018-10";15
29239;"Linux-2019-04";15
1730;"Python-2018-12";3
23867;"DevOps-2018-11";7
22638;"Linux-2018-10";15
9439;"СУБД-2018-09";43
12941;"Python-2018-10";3
13051;"Python-2018-10";3
27450;"Linux-2018-10";15
27067;"Java-2018-10";1
613;"JavaScript-2018-10";20
368;"Linux-2019-01";15
17367;"Linux-2018-10";15
3821;"Linux-2018-10";15
29808;"Linux-2018-10";15
30034;"Linux-2018-10";15
29580;"Linux-2018-10";15
23999;"Python-2018-10";3
27712;"Linux-2018-10";15
18601;"Linux-2019-01";15
3871;"Python-2018-10";3
12729;"Linux-2018-10";15
7673;"Linux-2018-10";15
30013;"Linux-2018-10";15
3139;"Linux-2018-10";15
8086;"Linux-2018-10";15
26334;"Python-2018-10";3
29764;"Python-2018-10";3
23401;"Linux-2018-10";15
26251;"Python-2018-10";3
24616;"Python-2018-10";3
29083;"Java-2018-10";1
30454;"Python-2018-10";3
26787;"Python-2018-10";3
18224;"Python-2018-10";3
13298;"Python-2019-03";3
12783;"Python-2019-08";3
25481;"Java-2018-10";1
3434;"DataScientist-2018-08";33
3434;"Linux-2018-10";15
28463;"JavaScript-2019-03";20
27516;"Linux-2018-10";15
30185;"Linux-2018-10";15
18547;"JavaScript-2018-10";20
4129;"Java-2018-10";1
30470;"JavaScript-2018-10";20
30642;"Linux-2018-10";15
22263;"Python-2018-12";3
12871;"JavaScript-2018-10";20
30732;"JavaScript-2018-10";20
28924;"Python-2018-12";3
30660;"Python-2018-10";3
582;"JavaScript-2018-10";20
30793;"Java-2018-10";1
30518;"Linux-2018-10";15
21432;"Java-2018-10";1
30984;"JavaScript-2018-10";20
25124;"Java-2018-10";1
22059;"DevOps-2018-11";7
28016;"Java-2018-10";1
31063;"Linux-2018-10";15
29307;"Python-2018-10";3
22394;"Java-2018-10";1
28293;"TeamLeader-2018-11";10
31098;"Java-2018-12";1
13319;"Java-2018-10";1
30246;"Java-2018-10";1
15818;"Java-2018-10";1
30292;"Java-2018-10";1
18861;"Java-2018-10";1
29724;"Spring-2018-11";34
27748;"Java-2018-10";1
2694;"Java-2018-10";1
22247;"Java-2018-10";1
29221;"Java-2018-10";1
18598;"Java-2019-03";1
30454;"Java-2018-10";1
31293;"DLE-2018-11";32
29954;"Java-2018-10";1
31215;"DevOps-2018-11";7
8182;"Linux-2019-04";15
30481;"Java-2018-10";1
31510;"Python-2018-12";3
30977;"DataScientist-2018-12";33
30514;"Java-2019-03";1
10597;"DevOps-2018-11";7
27058;"Spring-2018-11";34
6472;"Spring-2018-11";34
31549;"Java-2018-10";1
2441;"Spring-2018-11";34
19146;"Spring-2018-11";34
504;"JavaScript-2018-10";20
28585;"TeamLeader-2018-11";10
21185;"Spring-2018-11";34
31885;"DevOps-2018-11";7
31895;"IT-Recruiter-2018-11";28
14431;"DLE-2018-11";32
31274;"DevOps-2018-11";7
32256;"ITSec-2018-11";6
6790;"DLE-2018-11";32
30184;"IT-Recruiter-2018-11";28
31956;"Python-2018-12";3
32394;"DevOps-2018-11";7
32148;"IT-Recruiter-2018-11";28
31884;"IT-Recruiter-2018-11";28
31915;"DevOps-2018-11";7
32206;"IT-Recruiter-2018-11";28
31254;"DevOps-2018-11";7
31728;"JavaScript-2019-03";20
23440;"DevOps-2018-11";7
3192;"DLE-2018-11";32
32479;"OnlineTeacher-2018-11";13
14938;"DLE-2018-11";32
7067;"Spring-2018-11";34
9756;"DLE-2018-11";32
6699;"Spring-2018-11";34
31067;"DLE-2018-11";32
4829;"Spring-2018-11";34
28200;"DLE-2018-11";32
32532;"IT-Recruiter-2018-11";28
22952;"DLE-2018-11";32
3110;"DLE-2018-11";32
20774;"DevOps-2018-11";7
18500;"DLE-2018-11";32
32605;"Spring-2018-11";34
20088;"DLE-2018-11";32
32133;"DLE-2018-11";32
30217;"DLE-2018-11";32
19691;"DLE-2018-11";32
32676;"Spring-2018-11";34
31491;"DLE-2018-11";32
32033;"ITSec-2018-11";6
4160;"ITSec-2018-11";6
32469;"DLE-2018-11";32
6948;"DevOps-2018-11";7
32520;"DevOps-2018-11";7
16212;"DevOps-2018-11";7
30073;"DevOps-2018-11";7
29316;"DevOps-2018-11";7
3018;"DevOps-2018-11";7
32512;"DataScientist-2018-12";33
32082;"DevOps-2018-11";7
19429;"DevOps-2019-02";7
31972;"TeamLeader-2018-11";10
5040;"Java-2019-03";1
32713;"TeamLeader-2018-11";10
32526;"Spring-2018-11";34
32739;"C++-2018-12";5
32731;"Java-2018-12";1
32588;"DevOps-2018-11";7
28260;"DevOps-2018-11";7
14216;"Spring-2018-11";34
30282;"Spring-2018-11";34
8638;"TeamLeader-2018-11";10
4975;"Spring-2018-11";34
31259;"DevOps-2018-11";7
32796;"DevOps-2019-02";7
2496;"Spring-2018-11";34
32989;"TeamLeader-2018-11";10
32814;"TeamLeader-2018-11";10
32829;"TeamLeader-2018-11";10
31578;"TeamLeader-2018-11";10
11462;"TeamLeader-2018-11";10
33148;"Java-2018-12";1
32732;"TeamLeader-2018-11";10
33178;"C++-2018-12";5
9180;"Spring-2018-11";34
32805;"TeamLeader-2018-11";10
31892;"TeamLeader-2018-11";10
32992;"TeamLeader-2018-11";10
23940;"TeamLeader-2018-11";10
32821;"TeamLeader-2018-11";10
31298;"Spring-2018-11";34
7274;"Java-2018-12";1
556;"DevOps-2018-11";7
32427;"Android-2018-12";21
406;"Spring-2018-11";34
9629;"Spring-2018-11";34
33277;"Spring-2018-11";34
21449;"Spring-2019-05";34
33374;"Spring-2018-11";34
10453;"DLE-2018-11";32
19511;"Spring-2018-11";34
26953;"Android-2018-12";21
25265;"Spring-2018-11";34
29954;"DevOps-2018-11";7
32549;"DataScientist-2018-12";33
3449;"DLE-2018-11";32
12524;"C++-2018-12";5
31124;"Spring-2018-11";34
9285;"СУБД-2018-12";43
19350;"Spring-2018-11";34
416;"Spring-2018-11";34
6308;"Java-2018-12";1
3611;"TeamLeader-2019-02";10
20245;"Spring-2018-11";34
27243;"Android-2018-12";21
32406;"Spring-2018-11";34
974;"DataScientist-2018-12";33
31391;"Python-2018-12";3
33530;"DevOps-2018-11";7
31448;"Spring-2018-11";34
13794;"Android-2018-12";21
1127;"Spring-2018-11";34
32342;"Python-2018-12";3
14966;"Algo-2018-12";51
20017;"Algo-2018-12";51
20159;"Java-2018-12";1
32831;"C++-2018-12";5
31236;"C++-2018-12";5
3139;"DevOps-2018-11";7
32861;"Android-2018-12";21
31770;"СУБД-2018-12";43
32851;"Algo-2018-12";51
6155;"DataScientist-2019-03";33
29709;"JavaScript-2018-10";20
20009;"Android-2018-12";21
18279;"Android-2018-12";21
23096;"JavaScript-2019-03";20
6169;"DataScientist-2019-03";33
32587;"Linux-2019-01";15
8364;"Spring-2018-11";34
8364;"DevOps-2018-11";7
5963;"DataScientist-2018-12";33
5333;"Algo-2018-12";51
32687;"Algo-2018-12";51
34914;"TeamLeader-2018-11";10
33055;"Spring-2018-11";34
33560;"C++-2018-12";5
34793;"DataScientist-2018-12";33
35010;"C++-2018-12";5
32804;"DataScientist-2018-12";33
23961;"DataScientist-2018-12";33
8048;"Algo-2018-12";51
17729;"DataScientist-2018-12";33
30217;"DataScientist-2019-03";33
33269;"Python-2018-12";3
9216;"C++-2018-12";5
34550;"Android-2018-12";21
35140;"DataScientist-2018-12";33
29340;"Python-2018-12";3
24887;"Java-2019-03";1
12756;"Python-2018-12";3
25239;"Spring-2018-11";34
8249;"Python-2018-12";3
3118;"Python-2018-12";3
5948;"Python-2018-12";3
15955;"Linux-2019-01";15
14323;"DataScientist-2018-12";33
613;"Algo-2018-12";51
35161;"DataScientist-2018-12";33
20798;"DataScientist-2018-12";33
34210;"Algo-2018-12";51
24500;"Java-2018-12";1
8364;"Algo-2018-12";51
10781;"DataScientist-2018-12";33
35042;"DataScientist-2019-07";33
35286;"C++-2018-12";5
35094;"DataScientist-2019-03";33
15333;"Java-2018-12";1
10611;"DataScientist-2018-12";33
34910;"Java-2018-12";1
35445;"C++-2018-12";5
34963;"DataScientist-2018-12";33
33659;"Java-2019-09";1
35536;"Linux-2019-01";15
24470;"DataScientist-2018-12";33
25993;"Linux-2019-01";15
25605;"C++-2018-12";5
31085;"СУБД-2018-12";43
34950;"C++-2018-12";5
35596;"C++-2018-12";5
27240;"C++-2019-03";5
7011;"Python-2018-12";3
29233;"Linux-2019-01";15
30814;"DataScientist-2018-12";33
35362;"C++-2018-12";5
13708;"DataScientist-2018-12";33
4271;"СУБД-2019-05";43
17322;"Python-2018-12";3
31933;"DataScientist-2018-12";33
28173;"Linux-2019-01";15
5427;"DataScientist-2018-12";33
35718;"C++-2018-12";5
35189;"C++-2018-12";5
7530;"Algo-2018-12";51
8009;"Python-2018-12";3
11130;"C++-2018-12";5
24022;"Python-2018-12";3
2675;"Python-2018-12";3
7590;"DataScientist-2019-03";33
35782;"C++-2018-12";5
6259;"Python-2018-12";3
35654;"C++-2018-12";5
35816;"C++-2018-12";5
19225;"Python-2018-12";3
31235;"DataScientist-2018-12";33
33657;"Java-2019-03";1
3658;"Python-2018-12";3
19992;"Python-2018-12";3
108;"Android-2018-12";21
34776;"DevOps-2018-11";7
19285;"Algo-2018-12";51
27673;"Algo-2018-12";51
35189;"Algo-2019-04";51
120;"Java-2018-12";1
31362;"Python-2019-03";3
23481;"Linux-2019-01";15
32647;"Java-2018-12";1
17346;"Linux-2019-01";15
12762;"Algo-2018-12";51
612;"Algo-2018-12";51
35790;"Python-2018-12";3
11130;"DataScientist-2018-12";33
35980;"C++-2018-12";5
33374;"Algo-2018-12";51
11612;"C++-2018-12";5
19662;"Android-2018-12";21
35967;"Java-2018-12";1
13641;"Algo-2019-04";51
15213;"Python-2019-03";3
9349;"Java-2018-12";1
4668;"Algo-2018-12";51
35122;"Android-2018-12";21
3972;"Algo-2018-12";51
36017;"Python-2018-12";3
10887;"Algo-2018-12";51
34669;"Python-2019-03";3
350;"СУБД-2018-12";43
12234;"Python-2018-12";3
15818;"Algo-2019-04";51
28807;"Spring-2018-11";34
328;"Python-2018-12";3
3731;"Algo-2019-04";51
7615;"Linux-2019-01";15
35730;"DataScientist-2018-12";33
23911;"DataScientist-2018-12";33
35961;"Algo-2018-12";51
8037;"СУБД-2018-12";43
18254;"Python-2018-12";3
30721;"Java-2018-12";1
35379;"Java-2018-12";1
27148;"Algo-2018-12";51
35934;"Python-2018-12";3
19777;"Linux-2019-01";15
5785;"Algo-2018-12";51
23506;"Linux-2019-04";15
26707;"Java-2018-12";1
36157;"Java-2018-12";1
14064;"Python-2018-12";3
35937;"Python-2018-12";3
33448;"Python-2018-12";3
8369;"Python-2019-03";3
15815;"Linux-2019-01";15
23076;"СУБД-2018-12";43
26285;"Java-2018-12";1
2129;"Java-2018-12";1
12529;"Java-2018-12";1
6752;"Java-2018-12";1
32981;"C++-2019-06";5
24572;"Python-2018-12";3
1583;"C++-2018-12";5
27779;"DataScientist-2018-12";33
36212;"Linux-2019-04";15
19570;"DataScientist-2018-12";33
21371;"C++-2018-12";5
9322;"СУБД-2018-12";43
36265;"C++-2018-12";5
36285;"DataScientist-2018-12";33
2243;"СУБД-2018-12";43
12629;"СУБД-2018-12";43
29914;"Java-2018-12";1
36352;"Java-2018-12";1
19942;"Algo-2018-12";51
13640;"СУБД-2018-12";43
35795;"Linux-2019-01";15
35918;"Python-2018-12";3
36255;"Python-2018-12";3
36187;"Linux-2019-01";15
7702;"C++-2018-12";5
8111;"Algo-2018-12";51
21268;"Linux-2019-01";15
14966;"СУБД-2018-12";43
36498;"DataScientist-2018-12";33
3449;"Algo-2018-12";51
35834;"Java-2019-03";1
3449;"DataScientist-2019-03";33
35846;"СУБД-2019-05";43
19721;"Algo-2018-12";51
2340;"Java-2018-12";1
27161;"Java-2018-12";1
36676;"DataScientist-2018-12";33
36819;"Linux-2019-01";15
22192;"DataScientist-2018-12";33
6399;"Spring-2019-02";34
36443;"Linux-2019-01";15
26158;"Linux-2019-01";15
21371;"Algo-2018-12";51
33659;"Spring-2018-11";34
36015;"Spring-2019-02";34
21532;"Linux-2019-01";15
36891;"C++-2019-09";5
30642;"СУБД-2018-12";43
31967;"Java-2018-12";1
36899;"Linux-2019-01";15
36596;"QA-specialist-2019-01";71
9121;"Linux-2019-04";15
2180;"Spring-2019-02";34
15751;"Linux-2019-01";15
37612;"Spring-2019-02";34
37663;"QA-specialist-2019-01";71
35565;"Linux-2019-01";15
30110;"Linux-2019-01";15
35564;"Linux-2019-01";15
37960;"Linux-2019-01";15
37794;"PHP-2019-02";8
37174;"Linux-2019-01";15
37947;"PHP-2019-02";8
3299;"ИС-2019-01";59
37303;"Linux-2019-01";15
5368;"TeamLeader-2019-02";10
18350;"Linux-2019-01";15
38001;"Linux-2019-01";15
36056;"Linux-2019-01";15
18491;"Linux-2019-01";15
37719;"Linux-2019-01";15
37592;"Linux-2019-01";15
19418;"Linux-2019-01";15
28563;"Linux-2019-01";15
9475;"Linux-2019-01";15
37968;"Linux-2019-01";15
11810;"Linux-2019-01";15
37358;"Linux-2019-01";15
31631;"Linux-2019-01";15
38291;"QA-specialist-2019-01";71
37561;"MS SQL Server-2019-01";73
33290;"Linux-2019-01";15
37366;"Linux-2019-01";15
7992;"Linux-2019-01";15
37552;"MS SQL Server-2019-01";73
37541;"Linux-2019-01";15
38180;"MS SQL Server-2019-01";73
13874;"MS SQL Server-2019-01";73
22714;"TeamLeader-2019-02";10
37443;"DevOps-2019-02";7
12382;"TeamLeader-2019-02";10
28526;"QA-specialist-2019-01";71
34838;"MS SQL Server-2019-09";73
38408;"MS SQL Server-2019-01";73
35104;"ИС-2019-01";59
38170;"QA-specialist-2019-01";71
37430;"MS SQL Server-2019-01";73
38426;"QA-specialist-2019-01";71
38308;"MS SQL Server-2019-01";73
36961;"QA-specialist-2019-01";71
37332;"Linux-2019-01";15
38362;"MS SQL Server-2019-01";73
32426;"QA-specialist-2019-01";71
37630;"MS SQL Server-2019-01";73
38502;"MS SQL Server-2019-01";73
21623;"QA-specialist-2019-01";71
9093;"Revers-2019-03";77
3434;"MS SQL Server-2019-01";73
20544;"MS SQL Server-2019-01";73
35738;"DevOps-2019-02";7
38733;"MS SQL Server-2019-01";73
37843;"DevOps-2019-02";7
32604;"PHP-2019-02";8
38289;"Spring-2019-02";34
38384;"Python-2019-03";3
14885;"QA-specialist-2019-01";71
38828;"TeamLeader-2019-02";10
246;"Spring-2019-02";34
6398;"DevOps-2019-02";7
32674;"PHP-2019-02";8
39153;"Revers-2019-03";77
38867;"Linux-2019-04";15
23076;"PHP-2019-02";8
39229;"TeamLeader-2019-02";10
37644;"Revers-2019-03";77
38330;"PHP-2019-02";8
32960;"Spring-2019-02";34
39251;"DevOps-2019-02";7
37237;"Spring-2019-02";34
1381;"Spring-2019-02";34
13451;"Revers-2019-03";77
23186;"DevOps-2019-02";7
23125;"PHP-2019-02";8
38442;"JavaScript-2019-03";20
9093;"JavaScript-2019-03";20
38884;"DevOps-2019-02";7
39405;"Revers-2019-03";77
14147;"Auto-web-QA-2019-03";72
39537;"Spring-2019-02";34
38616;"DevOps-2019-02";7
8165;"Spring-2019-02";34
38659;"DevOps-2019-02";7
39379;"Revers-2019-03";77
39655;"PHP-2019-02";8
39544;"Spring-2019-02";34
38491;"PHP-2019-02";8
37455;"Сетевой инженер-2019-03";75
33326;"Spring-2019-02";34
38310;"PHP-2019-02";8
39643;"Spring-2019-02";34
24249;"Spring-2019-02";34
20972;"Spring-2019-02";34
39571;"DevOps-2019-02";7
33093;"Spring-2019-02";34
39802;"PHP-2019-02";8
39807;"OnlineTeacher-2019-04";13
39247;"DevOps-2019-02";7
39505;"PHP-2019-02";8
6559;"Spring-2019-02";34
38550;"PHP-2019-02";8
39528;"PHP-2019-02";8
356;"Spring-2019-02";34
39717;"PHP-2019-02";8
39520;"DevOps-2019-02";7
31226;"Spring-2019-02";34
39700;"Spring-2019-02";34
35936;"TeamLeader-2019-02";10
3434;"TeamLeader-2019-02";10
32447;"TeamLeader-2019-02";10
21410;"C++-2019-03";5
39851;"TeamLeader-2019-02";10
38383;"PHP-2019-02";8
22104;"Spring-2019-02";34
38107;"PHP-2019-02";8
19573;"Spring-2019-02";34
27199;"PHP-2019-02";8
39585;"Spring-2019-02";34
34304;"Spring-2019-02";34
33990;"Spring-2019-02";34
29871;"Spring-2019-02";34
39842;"TeamLeader-2019-02";10
39898;"TeamLeader-2019-02";10
37809;"TeamLeader-2019-02";10
40000;"PHP-2019-02";8
39983;"TeamLeader-2019-02";10
11303;"Revers-2019-06";77
7073;"TeamLeader-2019-02";10
6611;"Сетевой инженер-2019-03";75
2952;"PHP-2019-02";8
39737;"TeamLeader-2019-02";10
39810;"PHP-2019-02";8
39918;"Spring-2019-02";34
40050;"DevOps-2019-02";7
40027;"PHP-2019-02";8
460;"PHP-2019-02";8
40133;"Revers-2019-03";77
700;"Spring-2019-02";34
8106;"Python-2019-03";3
32506;"Spring-2019-02";34
40209;"Spring-2019-02";34
38483;"Revers-2019-03";77
39438;"TeamLeader-2019-02";10
39376;"TeamLeader-2019-02";10
4003;"DevOps-2019-02";7
39043;"DevOps-2019-02";7
6669;"DevOps-2019-02";7
32604;"DataScientist-2019-03";33
38744;"DevOps-2019-02";7
40237;"DevOps-2019-02";7
40445;"Spring-2019-02";34
26704;"DevOps-2019-02";7
7562;"Revers-2019-03";77
40313;"DevOps-2019-02";7
40435;"DevOps-2019-02";7
40036;"Java-2019-03";1
40235;"DevOps-2019-02";7
5998;"JavaScript-2019-03";20
34512;"TeamLeader-2019-02";10
37141;"C++-2019-03";5
40697;"DevOps-2019-02";7
40716;"DevOps-2019-02";7
40175;"PHP-2019-02";8
18034;"Revers-2019-03";77
27396;"Revers-2019-03";77
8814;"DataScientist-2018-12";33
13633;"Revers-2019-03";77
40750;"Revers-2019-03";77
40426;"C++-2019-03";5
41252;"C++-2019-03";5
41004;"JavaScript-2019-03";20
40988;"Revers-2019-03";77
37614;"Revers-2019-03";77
40354;"JavaScript-2019-03";20
39458;"Revers-2019-03";77
40803;"Revers-2019-03";77
2511;"JavaScript-2019-03";20
40927;"DevOps-2019-02";7
606;"JavaScript-2019-03";20
35405;"Revers-2019-03";77
4584;"Revers-2019-03";77
3647;"Java-2019-03";1
40337;"Revers-2019-03";77
22768;"DevOps-2019-02";7
13312;"Revers-2019-03";77
26838;"Linux-2019-01";15
27414;"Revers-2019-03";77
39542;"Revers-2019-03";77
40302;"Revers-2019-03";77
9629;"Revers-2019-03";77
16886;"JavaScript-2019-03";20
35177;"DevOps-2019-02";7
39667;"JavaScript-2019-03";20
41521;"Revers-2019-03";77
25235;"C++-2019-03";5
40288;"C++-2019-03";5
4697;"Revers-2019-03";77
42025;"Сетевой инженер-2019-03";75
504;"Revers-2019-03";77
41750;"Сетевой инженер-2019-03";75
33001;"DataScientist-2019-03";33
24847;"Java-2019-03";1
41954;"DevOps-2019-02";7
12762;"Revers-2019-03";77
42319;"Linux-2019-04";15
25500;"Сетевой инженер-2019-03";75
41792;"Revers-2019-03";77
40445;"Python-2019-03";3
42367;"DevOps-2019-02";7
12592;"Python-2019-06";3
40711;"Java-2019-03";1
35009;"Auto-web-QA-2019-03";72
40535;"Python-2019-03";3
20544;"Auto-web-QA-2019-03";72
22897;"Python-2019-03";3
38286;"Linux-2019-04";15
42331;"Python-2019-03";3
18978;"JavaScript-2019-03";20
36720;"Revers-2019-03";77
42241;"Auto-web-QA-2019-03";72
3449;"DevOps-2019-02";7
41954;"Python-2019-03";3
37377;"Linux-2019-04";15
42749;"C++-2019-03";5
41449;"Auto-web-QA-2019-03";72
42444;"Python-2019-03";3
42692;"Java-2019-03";1
42221;"Python-2019-03";3
42396;"C++-2019-03";5
14186;"Auto-web-QA-2019-03";72
30967;"Java-2019-03";1
42226;"Auto-web-QA-2019-03";72
42275;"Auto-web-QA-2019-03";72
42638;"Auto-web-QA-2019-03";72
40445;"Auto-web-QA-2019-03";72
43020;"Practical IS-2019-04";81
42984;"Python-2019-03";3
40729;"Auto-web-QA-2019-03";72
40683;"Auto-web-QA-2019-03";72
40362;"Java-2019-03";1
28041;"C++-2019-03";5
8293;"Python-2019-03";3
42121;"Auto-web-QA-2019-03";72
23839;"JavaScript-2019-03";20
40022;"Auto-web-QA-2019-03";72
28526;"Auto-web-QA-2019-03";72
43151;"Python-2019-03";3
42895;"DataScientist-2019-03";33
11760;"DataScientist-2019-03";33
39162;"Auto-web-QA-2019-03";72
43245;"C++-2019-03";5
39846;"Auto-web-QA-2019-03";72
14759;"Auto-web-QA-2019-03";72
29373;"Java-2019-03";1
42507;"C++-2019-03";5
42483;"C++-2019-03";5
43088;"C++-2019-03";5
30289;"Java-2019-03";1
18500;"C++-2019-03";5
9201;"JavaScript-2019-03";20
26880;"Java-2019-03";1
7615;"Python-2019-03";3
20628;"C++-2019-03";5
40212;"Auto-web-QA-2019-03";72
43197;"Auto-web-QA-2019-03";72
42449;"Auto-web-QA-2019-03";72
42343;"Python-2019-03";3
40567;"DataScientist-2019-03";33
13554;"Java-2019-03";1
42549;"DataScientist-2019-03";33
16702;"DataScientist-2019-03";33
35157;"Java-2019-03";1
43619;"Java-2019-03";1
43627;"Java-2019-03";1
40061;"DataScientist-2019-03";33
15258;"Auto-web-QA-2019-03";72
42709;"Auto-web-QA-2019-03";72
43272;"DataScientist-2019-03";33
14264;"Auto-web-QA-2019-03";72
42268;"JavaScript-2019-03";20
39561;"JavaScript-2019-03";20
40280;"Java-2019-03";1
38811;"Java-2019-03";1
39537;"Java-2019-03";1
22080;"СУБД-2019-05";43
22378;"JavaScript-2019-03";20
40660;"JavaScript-2019-03";20
38653;"DataScientist-2019-03";33
11979;"Python-2019-03";3
21730;"DataScientist-2019-03";33
43514;"Auto-web-QA-2019-03";72
37711;"Linux-2019-04";15
40960;"Java-2019-03";1
43103;"Auto-web-QA-2019-03";72
39377;"JavaScript-2019-03";20
5701;"Algo-2019-04";51
35471;"JavaScript-2019-03";20
